{"properties": [
  {
    "name": "log4j.rootLogger",
    "type": "java.lang.String",
    "description": "A description for 'log4j.rootLogger'"
  },
  {
    "name": "log4j.appender.abc.file",
    "type": "java.lang.String",
    "description": "A description for 'log4j.appender.abc.file'"
  },
  {
    "name": "log4j.appender.abc",
    "type": "java.lang.String",
    "description": "A description for 'log4j.appender.abc'"
  },
  {
    "name": "log4j.rootLogger",
    "type": "java.lang.String",
    "description": "A description for 'log4j.rootLogger'"
  },
  {
    "name": "log4j.rootLogger",
    "type": "java.lang.String",
    "description": "A description for 'log4j.rootLogger'"
  },
  {
    "name": "log4j.rootLogger",
    "type": "java.lang.String",
    "description": "A description for 'log4j.rootLogger'"
  },
  {
    "name": "log4j.rootLogger",
    "type": "java.lang.String",
    "description": "A description for 'log4j.rootLogger'"
  },
  {
    "name": "log4j.rootLogger",
    "type": "java.lang.String",
    "description": "A description for 'log4j.rootLogger'"
  },
  {
    "name": "log4j.rootLogger",
    "type": "java.lang.String",
    "description": "A description for 'log4j.rootLogger'"
  }
]}